Time,Name,PID,CPU_Total,Memory_Used_GB,Disk_Read_MB,Disk_Write_MB
1752078995,make,5981,0.0,0.0025634765625,0.0,0.00390625
1752078995,make,5984,0.0,0.0029296875,65.234375,11.9453125
1752078995,make,5987,0.0,0.00244140625,0.0,0.00390625
1752078995,make,6012,0.0,0.00244140625,3.71875,0.1484375
1752078995,make,6039,0.0,0.00244140625,0.0,0.0078125
1752078995,make,6042,0.0,0.00244140625,0.0,0.0078125
1752078995,make,6172,0.0,0.0025634765625,0.0,0.0
1752078995,c++,6174,0.0,0.0030517578125,0.0,0.0
1752078995,cc1plus,6175,99.9,0.32888031005859375,0.0,0.0
1752078995,as,6176,0.0,0.00830078125,0.0,0.0
1752078995,c++,6028,0.0,0.0030517578125,0.0,0.0
1752078995,cc1plus,6033,99.9,0.2891960144042969,5.53515625,0.0
1752078995,as,6035,20.0,0.0377197265625,0.0,0.0
1752078995,make,5984,0.0,0.0029296875,106.1875,13.37890625
1752078995,make,6012,0.0,0.00244140625,3.71875,0.1484375
1752078995,make,6172,0.0,0.0025634765625,0.0,0.0
1752078995,c++,6174,0.0,0.0030517578125,0.0,0.0
1752078995,cc1plus,6175,89.9,0.3572731018066406,0.0,0.0
1752078995,as,6176,10.0,0.0189208984375,0.0,0.0
1752078995,make,6172,0.0,0.0025634765625,0.0,0.0
1752078995,c++,6174,0.0,0.0030517578125,0.0,0.0
1752078995,cc1plus,6175,89.9,0.3691825866699219,0.0,0.0
1752078995,as,6176,0.0,0.0235595703125,0.0,0.0
1752078998,make,5981,0.0,0.0025634765625,0.0,0.00390625
1752078998,make,5984,0.0,0.0029296875,157.140625,38.44140625
1752078998,make,6205,0.0,0.00244140625,0.0,0.0
1752078998,make,6213,0.0,0.0028076171875,0.69140625,10.265625
1752078998,make,6240,0.0,0.00244140625,0.0,0.00390625
1752078998,make,6253,0.0,0.0025634765625,0.0,0.0
1752078998,make,6278,0.0,0.00244140625,0.0,0.0
1752078998,c++,6280,0.0,0.0030517578125,0.0,0.0
1752078998,cc1plus,6281,89.9,0.402313232421875,0.06640625,0.0
1752078998,as,6282,10.0,0.0123291015625,0.0,0.0
1752078998,c++,6255,0.0,0.0030517578125,0.0,0.0
1752078998,cc1plus,6256,99.9,0.4837074279785156,0.0,0.0
1752078998,as,6257,0.0,0.0155029296875,0.0,0.0
1752078998,c++,6242,0.0,0.0030517578125,0.0,0.0
1752078998,cc1plus,6243,99.9,0.4972686767578125,0.0,0.0
1752078998,as,6244,10.0,0.02099609375,0.0,0.0
1752078998,c++,6207,0.0,0.0030517578125,0.0,0.0
1752078998,cc1plus,6208,99.9,0.5129623413085938,0.0,0.0
1752078998,as,6209,0.0,0.022216796875,0.0,0.0
1752078998,make,5984,0.0,0.0029296875,157.140625,44.13671875
1752078998,make,6205,0.0,0.00244140625,0.0,0.0
1752078998,make,6213,0.0,0.0028076171875,0.87890625,15.83203125
1752078998,make,6240,0.0,0.00244140625,0.0,0.00390625
1752078998,make,6278,0.0,0.00244140625,0.0,0.00390625
1752078998,c++,6280,0.0,0.0030517578125,0.0,0.0
1752078998,cc1plus,6281,89.9,0.4234466552734375,0.06640625,0.0
1752078998,as,6282,10.0,0.0357666015625,0.0,0.0
1752078998,c++,6242,0.0,0.0030517578125,0.0,0.0
1752078998,cc1plus,6243,99.9,0.5560836791992188,0.0,0.0
1752078998,as,6244,10.0,0.04443359375,0.0,0.0
1752078998,c++,6207,0.0,0.0030517578125,0.0,0.0
1752078998,cc1plus,6208,99.9,0.5440139770507812,0.0,0.0
1752078998,as,6209,0.0,0.0357666015625,0.0,0.0
1752078998,make,6205,0.0,0.00244140625,0.0,0.0
1752078998,c++,6207,0.0,0.0030517578125,0.0,0.0
1752078998,cc1plus,6208,99.9,0.5577850341796875,0.0,0.0
1752078998,as,6209,0.0,0.040771484375,0.0,0.0
1752078998,make,6213,0.0,0.0028076171875,1.1953125,25.37109375
1752078998,make,6240,0.0,0.00244140625,0.0,0.00390625
1752078998,c++,6242,0.0,0.0030517578125,0.0,0.0
1752078998,cc1plus,6243,30.0,0.58514404296875,0.0,0.0
1752078998,as,6244,89.9,0.1053466796875,0.0,0.0
1752078998,make,6278,0.0,0.00244140625,0.06640625,8.97265625
1752079004,make,5981,0.0,0.0025634765625,0.0,0.00390625
1752079004,make,5984,0.0,0.0029296875,157.20703125,125.4921875
1752079004,make,6205,0.0,0.00244140625,0.0,0.0
1752079004,make,6213,0.0,0.0028076171875,1.94140625,41.34375
1752079004,c++,6519,0.0,0.0029296875,0.0,0.0
1752079004,c++,6523,0.0,0.0030517578125,0.0,0.0
1752079004,c++,6531,0.0,0.0030517578125,0.0,0.0
1752079004,cc1plus,6532,99.9,0.2106170654296875,0.08984375,0.0
1752079004,as,6533,0.0,0.0101318359375,0.0,0.0
1752079004,c++,6207,0.0,0.0030517578125,0.0,0.0
1752079004,cc1plus,6208,99.9,0.6625251770019531,0.0,0.0
1752079004,as,6209,10.0,0.0804443359375,0.0,0.0
1752079004,make,5984,0.0,0.0029296875,161.4296875,139.73046875
1752079004,make,6205,0.0,0.00244140625,0.0,0.0
1752079004,make,6213,0.0,0.0028076171875,2.03515625,44.203125
1752079004,c++,6531,0.0,0.0030517578125,0.0,0.0
1752079004,cc1plus,6532,99.9,0.2651023864746094,0.08984375,0.0
1752079004,as,6533,10.0,0.0286865234375,0.0,0.0
1752079004,c++,6207,0.0,0.0030517578125,0.0,0.0
1752079004,cc1plus,6208,99.9,0.6961936950683594,0.0,0.0
1752079004,as,6209,0.0,0.0916748046875,0.0,0.0
1752079004,make,6205,0.0,0.00244140625,0.0,0.0
1752079004,c++,6207,0.0,0.0030517578125,0.0,0.0
1752079004,cc1plus,6208,99.9,0.6966819763183594,0.0,0.0
1752079004,as,6209,10.0,0.09765625,0.0,0.0
1752079007,make,5981,0.0,0.0025634765625,0.0,0.00390625
1752079007,make,5984,0.0,0.0029296875,167.67578125,207.796875
1752079007,make,6205,0.0,0.00244140625,0.0,0.0
1752079007,make,6583,0.0,0.00244140625,0.0,0.0
1752079007,make,6611,0.0,0.00244140625,0.0,0.0
1752079007,c++,6613,0.0,0.0030517578125,0.0,0.0
1752079007,cc1plus,6614,99.9,0.39005279541015625,0.0,0.0
1752079007,as,6615,0.0,0.02978515625,0.0,0.0
1752079007,c++,6586,0.0,0.0030517578125,0.0,0.0
1752079007,cc1plus,6587,99.9,0.4848976135253906,0.01171875,0.0
1752079007,as,6588,0.0,0.03076171875,0.0,0.0
1752079007,make,5984,0.0,0.0029296875,167.67578125,221.73828125
1752079007,make,6583,0.0,0.00244140625,0.0,0.0
1752079007,make,6611,0.0,0.00244140625,0.0,0.0
1752079007,c++,6613,0.0,0.0030517578125,0.0,0.0
1752079007,cc1plus,6614,59.9,0.4182014465332031,0.0,0.0
1752079007,as,6615,99.9,0.0732421875,0.0,0.0
1752079007,c++,6586,0.0,0.0030517578125,0.0,0.0
1752079007,cc1plus,6587,99.9,0.5172462463378906,0.01171875,0.0
1752079007,as,6588,10.0,0.0450439453125,0.0,0.0
1752079007,make,6583,0.0,0.00244140625,0.0,0.0
1752079007,c++,6586,0.0,0.0030517578125,0.0,0.0
1752079007,cc1plus,6587,99.9,0.5428619384765625,0.01171875,0.0
1752079007,as,6588,10.0,0.0545654296875,0.0,0.0
1752079011,make,5981,0.0,0.0025634765625,0.0,0.00390625
1752079011,make,5984,0.0,0.0029296875,167.6953125,273.5546875
1752079011,make,6727,0.0,0.00244140625,0.0,0.0
1752079011,c++,6729,0.0,0.0030517578125,0.0,0.0
1752079011,cc1plus,6730,99.9,0.2676200866699219,0.0,0.0
1752079011,as,6731,10.0,0.012451171875,0.0,0.0
1752079011,make,5984,0.0,0.0029296875,167.6953125,274.75
1752079013,make,5981,0.0,0.0025634765625,0.0,0.00390625
1752079013,make,5984,0.0,0.0029296875,167.75,276.59375
1752079013,make,6738,0.0,0.00244140625,0.0,0.0078125
1752079013,make,6810,0.0,0.00244140625,0.0,0.0
1752079013,make,6819,0.0,0.00244140625,0.0,0.0
1752079013,c++,6821,0.0,0.003173828125,0.0,0.0
1752079013,cc1plus,6822,109.9,0.3602409362792969,0.0,0.0
1752079013,as,6823,0.0,0.0078125,0.0,0.0
1752079013,c++,6812,0.0,0.0030517578125,0.0,0.0
1752079013,cc1plus,6813,99.9,0.4361076354980469,0.0,0.0
1752079013,as,6814,0.0,0.010009765625,0.0,0.0
1752079013,make,5984,0.0,0.0029296875,167.76171875,276.85546875
1752079013,make,6810,0.0,0.00244140625,0.0,0.0
1752079013,make,6819,0.0,0.00244140625,0.0,0.0
1752079013,c++,6821,0.0,0.003173828125,0.0,0.0234375
1752079013,c++,6812,0.0,0.0030517578125,0.0,0.0
1752079013,cc1plus,6813,99.9,0.4477386474609375,0.0,0.0
1752079013,as,6814,0.0,0.0228271484375,0.0,0.0
1752079013,make,6810,0.0,0.00244140625,0.0,0.0
1752079013,c++,6812,0.0,0.0030517578125,0.0,0.0
1752079013,cc1plus,6813,109.8,0.4494476318359375,0.0,0.0
1752079013,as,6814,49.9,0.042724609375,0.0,0.0
1752079016,make,5981,0.0,0.0025634765625,0.0,0.00390625
1752079016,make,5984,0.0,0.0029296875,167.76171875,289.1484375
1752079016,make,6827,0.0,0.00244140625,0.0,0.0
1752079016,make,6835,0.0,0.00244140625,0.0,0.0
1752079016,make,6843,0.0,0.0025634765625,0.0,0.0
1752079016,make,6860,0.0,0.00244140625,0.0,3.796875
1752079016,c++,6845,0.0,0.003173828125,0.0,0.0
1752079016,cc1plus,6846,99.9,0.6074600219726562,0.0,0.0
1752079016,as,6847,10.0,0.03515625,0.0,0.0
1752079016,c++,6837,0.0,0.003173828125,0.0,0.0
1752079016,cc1plus,6838,99.9,0.6878890991210938,0.0,0.0
1752079016,as,6839,0.0,0.0498046875,0.0,0.0
1752079016,c++,6829,0.0,0.0028076171875,0.0,0.0
1752079016,cc1plus,6830,99.9,0.6703758239746094,0.0,0.0
1752079016,as,6831,0.0,0.0555419921875,0.0,0.0
1752079016,make,5984,0.0,0.0029296875,167.76171875,305.72265625
1752079016,make,6827,0.0,0.00244140625,0.0,0.0
1752079016,make,6835,0.0,0.00244140625,0.0,0.0
1752079016,c++,6837,0.0,0.003173828125,0.0,0.0
1752079016,cc1plus,6838,30.0,0.6812820434570312,0.0,0.0
1752079016,as,6839,99.9,0.1097412109375,0.0,0.0
1752079016,c++,6829,0.0,0.0028076171875,0.0,0.0
1752079016,cc1plus,6830,99.9,0.6874923706054688,0.0,0.0
1752079016,as,6831,0.0,0.06201171875,0.0,0.0
1752079016,make,6827,0.0,0.00244140625,0.0,0.0
1752079016,c++,6829,0.0,0.0028076171875,0.0,0.0
1752079016,cc1plus,6830,99.9,0.6889572143554688,0.0,0.0
1752079016,as,6831,40.0,0.075927734375,0.0,0.0
1752079020,make,5981,0.0,0.0025634765625,0.0,0.00390625
1752079020,make,5984,0.0,0.0029296875,167.76171875,344.01953125
1752079020,make,6936,0.0,0.00244140625,0.0,0.0
1752079020,c++,6938,0.0,0.0030517578125,0.0,0.0
1752079020,cc1plus,6939,99.9,0.3657073974609375,0.00390625,0.0
1752079020,as,6940,0.0,0.0078125,0.0,0.0
1752079020,make,5984,0.0,0.0029296875,167.76171875,344.01953125
1752079020,make,6936,0.0,0.00244140625,0.0,0.0
1752079020,c++,6938,0.0,0.0030517578125,0.0,0.0
1752079022,make,5981,0.0,0.0025634765625,0.0,0.00390625
1752079022,make,5984,0.0,0.0029296875,167.765625,356.6640625
1752079022,make,6987,0.0,0.00244140625,0.0,0.00390625
1752079022,make,6988,0.0,0.00244140625,0.0,0.0
1752079022,make,6989,0.0,0.00244140625,0.0,0.0
1752079022,make,6990,0.0,0.00244140625,0.0,0.0
1752079022,make,7011,0.0,0.0025634765625,0.0,0.0
1752079022,c++,7013,0.0,0.003173828125,0.0,0.0
1752079022,cc1plus,7014,99.9,0.35297393798828125,0.0,0.0
1752079022,as,7015,0.0,0.0076904296875,0.0,0.0
1752079022,c++,6995,0.0,0.0030517578125,0.0,0.0
1752079022,cc1plus,6999,99.9,0.6066741943359375,0.0,0.0
1752079022,as,7006,0.0,0.0076904296875,0.0,0.0
1752079022,c++,6997,0.0,0.0030517578125,0.0,0.0
1752079022,cc1plus,7000,89.9,0.6505775451660156,0.0,0.0
1752079022,as,7003,0.0,0.0078125,0.0,0.0
1752079022,c++,6996,0.0,0.0030517578125,0.0,0.0
1752079022,cc1plus,7001,99.9,0.6221542358398438,0.0,0.0
1752079022,as,7005,0.0,0.012451171875,0.0,0.0
1752079022,c++,6998,0.0,0.003173828125,0.0,0.0
1752079022,cc1plus,7002,99.9,0.6846961975097656,0.0,0.0
1752079022,as,7004,0.0,0.0078125,0.0,0.0
1752079022,make,5984,0.0,0.0029296875,167.765625,360.45703125
1752079022,make,6987,0.0,0.00244140625,0.0,0.00390625
1752079022,make,6988,0.0,0.00244140625,0.0,0.0
1752079022,make,6989,0.0,0.00244140625,0.0,0.0
1752079022,make,6990,0.0,0.00244140625,0.0,0.0
1752079022,c++,6995,0.0,0.0030517578125,0.0,0.0
1752079022,cc1plus,6999,99.9,0.6835289001464844,0.0,0.0
1752079022,as,7006,0.0,0.0233154296875,0.0,0.0
1752079022,c++,6997,0.0,0.0030517578125,0.0,0.0
1752079022,cc1plus,7000,99.9,0.6903800964355469,0.0,0.0
1752079022,as,7003,10.0,0.0316162109375,0.0,0.0
1752079022,c++,6996,0.0,0.0030517578125,0.0,0.0
1752079022,cc1plus,7001,89.9,0.6840782165527344,0.0,0.0
1752079022,as,7005,10.0,0.0474853515625,0.0,0.0
1752079022,c++,6998,0.0,0.003173828125,0.0,0.0
1752079022,cc1plus,7002,99.9,0.7175483703613281,0.0,0.0
1752079022,as,7004,10.0,0.0322265625,0.0,0.0
1752079022,make,6987,0.0,0.00244140625,0.0,0.00390625
1752079022,c++,6998,0.0,0.003173828125,0.0,0.0
1752079022,cc1plus,7002,89.9,0.7418136596679688,0.0,0.0
1752079022,as,7004,10.0,0.04296875,0.0,0.0
1752079022,make,6988,0.0,0.00244140625,0.0,0.0
1752079022,c++,6996,0.0,0.0030517578125,0.0,0.0
1752079022,cc1plus,7001,20.0,0.6899490356445312,0.0,0.0
1752079022,as,7005,69.9,0.1148681640625,0.0,0.0
1752079022,make,6989,0.0,0.00244140625,0.0,0.0
1752079022,c++,6997,0.0,0.0030517578125,0.0,0.0
1752079022,cc1plus,7000,99.9,0.7078132629394531,0.0,0.0
1752079022,as,7003,20.0,0.060791015625,0.0,0.0
1752079022,make,6990,0.0,0.00244140625,0.0,0.0
1752079022,c++,6995,0.0,0.0030517578125,0.0,0.0
1752079022,cc1plus,6999,99.9,0.7405433654785156,0.0,0.0
1752079022,as,7006,69.9,0.075927734375,0.0,0.0
1752079029,make,5981,0.0,0.0025634765625,0.0,0.00390625
1752079029,make,5984,0.0,0.0029296875,167.765625,418.56640625
1752079029,make,6987,0.0,0.00244140625,0.0,0.00390625
1752079029,make,7091,0.0,0.00244140625,0.0,0.0
1752079029,make,7099,0.0,0.00244140625,0.0,0.0
1752079029,c++,7101,0.0,0.003173828125,0.0,0.0
1752079029,cc1plus,7102,99.9,0.3036766052246094,0.0,0.0
1752079029,as,7103,0.0,0.0076904296875,0.0,0.0
1752079029,c++,7093,0.0,0.003173828125,0.0,0.0
1752079029,cc1plus,7094,99.9,0.43115234375,0.0,0.0
1752079029,as,7095,0.0,0.0078125,0.0,0.0
1752079029,c++,6998,0.0,0.003173828125,0.0,0.0
1752079029,cc1plus,7002,30.0,0.9343452453613281,0.0,0.0
1752079029,as,7004,89.9,0.1517333984375,0.0,0.0
1752079029,make,5984,0.0,0.0029296875,167.86328125,435.12890625
1752079029,make,6987,0.0,0.00244140625,0.0,0.00390625
1752079029,make,7091,0.0,0.00244140625,0.0,0.0
1752079029,make,7099,0.0,0.00244140625,0.0,0.0
1752079029,c++,7101,0.0,0.003173828125,0.0,0.0
1752079029,cc1plus,7102,99.9,0.46408843994140625,0.0,0.0
1752079029,as,7103,10.0,0.015625,0.0,0.0
1752079029,c++,7093,0.0,0.003173828125,0.0,0.0
1752079029,cc1plus,7094,109.9,0.6673583984375,0.0,0.0
1752079029,as,7095,0.0,0.0078125,0.0,0.0
1752079029,make,7091,0.0,0.00244140625,0.0,0.0
1752079029,c++,7093,0.0,0.003173828125,0.0,0.0
1752079029,cc1plus,7094,99.9,0.6819686889648438,0.0,0.0
1752079029,as,7095,0.0,0.0078125,0.0,0.0
1752079029,make,7099,0.0,0.00244140625,0.0,0.0
1752079033,make,5981,0.0,0.0025634765625,0.0,0.00390625
1752079033,make,5984,0.0,0.0029296875,168.7265625,465.8828125
1752079033,make,7091,0.0,0.00244140625,0.0,0.0
1752079033,c++,7093,0.0,0.003173828125,0.0,0.0
1752079033,cc1plus,7094,99.9,0.7112007141113281,0.0,0.0
1752079033,as,7095,10.0,0.0543212890625,0.0,0.0
1752079033,make,5984,0.0,0.0029296875,168.7265625,471.015625
1752079033,make,7091,0.0,0.00244140625,0.0,0.0
1752079033,c++,7093,0.0,0.003173828125,0.0,0.0
1752079033,cc1plus,7094,99.9,0.7423477172851562,0.0,0.0
1752079033,as,7095,10.0,0.0675048828125,0.0,0.0
1752079033,make,7091,0.0,0.00244140625,0.0,0.0
1752079033,c++,7093,0.0,0.003173828125,0.0,0.0
1752079033,cc1plus,7094,89.9,0.7642097473144531,0.0,0.0
1752079033,as,7095,10.0,0.0787353515625,0.0,0.0
1752079036,make,5981,0.0,0.0025634765625,0.0,0.00390625
1752079036,make,5984,0.0,0.0029296875,168.7421875,474.81640625
1752079036,make,7091,0.0,0.00244140625,0.0,0.0
1752079036,make,7134,0.0,0.00244140625,0.0,0.00390625
1752079036,make,7173,0.0,0.0025634765625,0.00390625,0.54296875
1752079036,c++,7184,0.0,0.0029296875,0.0,0.0
1752079036,c++,7186,0.0,0.0030517578125,0.0,0.0
1752079036,c++,7187,0.0,0.003173828125,0.0,0.0
1752079036,c++,7189,0.0,0.0030517578125,0.0,0.0
1752079036,c++,7190,0.0,0.0030517578125,0.0,0.0
1752079036,c++,7193,0.0,0.003173828125,0.0,0.0
1752079036,cc1plus,7209,99.9,0.41938018798828125,0.015625,0.0
1752079036,as,7212,0.0,0.0078125,0.0,0.0
1752079036,cc1plus,7203,99.9,0.4339790344238281,0.1015625,0.0
1752079036,as,7205,0.0,0.0078125,0.0,0.0
1752079036,cc1plus,7202,99.9,0.44193267822265625,0.01953125,0.0
1752079036,as,7204,0.0,0.0076904296875,0.0,0.0
1752079036,c++,7140,0.0,0.0030517578125,0.0,0.0
1752079036,cc1plus,7144,99.9,0.7660980224609375,0.046875,0.0
1752079036,as,7145,0.0,0.0078125,0.0,0.0
1752079036,make,5984,0.0,0.0029296875,168.7421875,496.8046875
1752079036,make,7134,0.0,0.00244140625,0.0,0.00390625
1752079036,make,7173,0.0,0.0025634765625,0.375,12.66796875
1752079036,c++,7189,0.0,0.0030517578125,0.0,0.0
1752079036,c++,7190,0.0,0.0030517578125,0.0,0.0
1752079036,c++,7140,0.0,0.0030517578125,0.0,0.0
1752079036,cc1plus,7144,99.9,0.8124923706054688,0.046875,0.0
1752079036,as,7145,0.0,0.0078125,0.0,0.0
1752079036,make,7134,0.0,0.00244140625,0.0,0.00390625
1752079036,c++,7140,0.0,0.0030517578125,0.0,0.0
1752079036,cc1plus,7144,99.9,0.8271636962890625,0.046875,0.0
1752079036,as,7145,0.0,0.0078125,0.0,0.0
1752079041,make,5981,0.0,0.0025634765625,0.0,0.00390625
1752079041,make,5984,0.0,0.0029296875,169.2578125,528.57421875
1752079041,make,7134,0.0,0.00244140625,0.0,0.00390625
1752079041,make,7236,0.0,0.00244140625,0.0,0.00390625
1752079041,make,7241,0.0,0.00244140625,0.34765625,1.6015625
1752079041,make,7242,0.0,0.00244140625,0.0,0.00390625
1752079041,c++,7250,0.0,0.0030517578125,0.0,0.0
1752079041,c++,7251,0.0,0.003173828125,0.0,0.0
1752079041,c++,7260,0.0,0.0030517578125,0.0,0.0
1752079041,c++,7259,0.0,0.0030517578125,0.0,0.0
1752079041,cc1plus,7267,79.9,0.4522666931152344,0.046875,0.0
1752079041,c++,7140,0.0,0.0030517578125,0.0,0.0
1752079041,cc1plus,7144,99.9,0.9847297668457031,0.046875,0.0
1752079041,as,7145,0.0,0.076171875,0.0,0.0
1752079041,make,5984,0.0,0.0029296875,169.69921875,551.88671875
1752079041,make,7134,0.0,0.00244140625,0.0,0.00390625
1752079041,c++,7140,0.0,0.0030517578125,0.0,0.0
1752079041,cc1plus,7144,99.9,1.0259857177734375,0.046875,0.0
1752079041,as,7145,10.0,0.0897216796875,0.0,0.0
1752079041,make,7134,0.0,0.00244140625,0.0,0.00390625
1752079041,c++,7140,0.0,0.0030517578125,0.0,0.0
1752079041,cc1plus,7144,99.9,1.0537147521972656,0.046875,0.0
1752079041,as,7145,0.0,0.100341796875,0.0,0.0
1752079044,make,5981,0.0,0.0025634765625,0.0,0.00390625
1752079044,make,5984,0.0,0.0029296875,169.69921875,555.87890625
1752079044,make,7134,0.0,0.00244140625,0.0,0.00390625
1752079044,make,7301,0.0,0.00244140625,0.0,0.00390625
1752079044,c++,7303,0.0,0.0030517578125,0.0,0.0
1752079044,cc1plus,7304,99.9,0.3830108642578125,0.01171875,0.0
1752079044,as,7305,0.0,0.0078125,0.0,0.0
1752079044,c++,7140,0.0,0.0030517578125,0.0,0.0
1752079044,cc1plus,7144,99.9,1.1599159240722656,0.046875,0.0
1752079044,as,7145,20.0,0.1396484375,0.0,0.0
1752079044,make,5984,0.0,0.0029296875,169.69921875,555.87890625
1752079044,make,7134,0.0,0.00244140625,0.0,0.00390625
1752079044,make,7301,0.0,0.00244140625,0.0,0.00390625
1752079044,c++,7303,0.0,0.0030517578125,0.0,0.0
1752079044,cc1plus,7304,99.9,0.47116851806640625,0.01171875,0.0
1752079044,as,7305,0.0,0.014892578125,0.0,0.0
1752079044,c++,7140,0.0,0.0030517578125,0.0,0.0
1752079044,cc1plus,7144,69.9,1.1638221740722656,0.046875,0.0
1752079044,as,7145,89.9,0.175537109375,0.0,0.0
1752079044,make,7134,0.0,0.00244140625,0.0,0.00390625
1752079044,c++,7140,0.0,0.0030517578125,0.0,0.0
1752079044,cc1plus,7144,20.0,1.1638221740722656,0.046875,0.0
1752079044,as,7145,89.9,0.2427978515625,0.0,0.0
1752079048,make,5981,0.0,0.0025634765625,0.0,0.00390625
1752079048,make,5984,0.0,0.0029296875,169.7578125,598.453125
1752079048,make,7316,0.0,0.00244140625,0.0,0.00390625
1752079048,make,7319,0.0,0.00244140625,0.0,0.0
1752079048,c++,7322,0.0,0.003173828125,0.0,0.0
1752079048,cc1plus,7323,109.9,0.5226058959960938,0.02734375,0.0
1752079048,as,7324,0.0,0.0076904296875,0.0,0.0
1752079048,cmake,7326,0.0,0.0101318359375,0.0,0.0
1752079048,make,5984,0.0,0.0029296875,169.7734375,598.60546875
1752079048,make,7319,0.0,0.00244140625,0.0,0.0
1752079048,c++,7322,0.0,0.003173828125,0.0,0.0
1752079048,cc1plus,7323,99.9,0.7235946655273438,0.02734375,0.0
1752079048,as,7324,0.0,0.0076904296875,0.0,0.0
1752079048,make,7319,0.0,0.00244140625,0.0,0.0
1752079048,c++,7322,0.0,0.003173828125,0.0,0.0
1752079048,cc1plus,7323,99.9,0.7291641235351562,0.02734375,0.0
1752079048,as,7324,0.0,0.0076904296875,0.0,0.0
1752079051,make,5981,0.0,0.0025634765625,0.0,0.00390625
1752079051,make,5984,0.0,0.0029296875,169.7734375,601.3046875
1752079051,make,7319,0.0,0.00244140625,0.0,0.0
1752079051,c++,7322,0.0,0.003173828125,0.0,0.0
1752079051,cc1plus,7323,99.9,0.916961669921875,0.02734375,0.0
1752079051,as,7324,0.0,0.0076904296875,0.0,0.0
1752079051,make,5984,0.0,0.0029296875,169.7734375,601.3046875
1752079051,make,7319,0.0,0.00244140625,0.0,0.0
1752079051,c++,7322,0.0,0.003173828125,0.0,0.0
1752079051,cc1plus,7323,99.9,0.9401054382324219,0.02734375,0.0
1752079051,as,7324,0.0,0.012939453125,0.0,0.0
1752079051,make,7319,0.0,0.00244140625,0.0,0.0
1752079051,c++,7322,0.0,0.003173828125,0.0,0.0
1752079051,cc1plus,7323,99.9,0.9625396728515625,0.02734375,0.0
1752079051,as,7324,0.0,0.0230712890625,0.0,0.0
1752079053,make,5981,0.0,0.0025634765625,0.0,0.00390625
1752079053,make,5984,0.0,0.0029296875,169.7734375,601.3046875
1752079053,make,7319,0.0,0.00244140625,0.0,0.0
1752079053,c++,7322,0.0,0.003173828125,0.0,0.0
1752079053,cc1plus,7323,99.8,1.0633125305175781,0.02734375,0.0
1752079053,as,7324,0.0,0.0628662109375,0.0,0.0
1752079053,make,5984,0.0,0.0029296875,169.7890625,608.4375
1752079053,make,7319,0.0,0.00244140625,0.0,0.0
1752079053,c++,7322,0.0,0.003173828125,0.0,0.0
1752079053,cc1plus,7323,99.9,1.1053123474121094,0.02734375,0.0
1752079053,as,7324,10.0,0.078857421875,0.0,0.0
1752079053,make,7319,0.0,0.00244140625,0.0,0.0
1752079053,c++,7322,0.0,0.003173828125,0.0,0.0
1752079053,cc1plus,7323,89.9,1.1477928161621094,0.02734375,0.0
1752079053,as,7324,10.0,0.09130859375,0.0,0.0
1752079056,make,5981,0.0,0.0025634765625,0.0,0.00390625
1752079056,make,5984,0.0,0.0029296875,169.7890625,608.4375
1752079056,make,7319,0.0,0.00244140625,0.0,0.0
1752079056,c++,7322,0.0,0.003173828125,0.0,0.0
1752079056,cc1plus,7323,99.9,1.1599769592285156,0.02734375,0.0
1752079056,as,7324,10.0,0.124267578125,0.0,0.0
1752079056,make,5984,0.0,0.0029296875,169.7890625,608.4375
1752079056,make,7319,0.0,0.00244140625,0.0,0.0
1752079056,c++,7322,0.0,0.003173828125,0.0,0.0
1752079056,cc1plus,7323,109.8,1.1621742248535156,0.02734375,0.0
1752079056,as,7324,10.0,0.1356201171875,0.0,0.0
1752079056,make,7319,0.0,0.00244140625,0.0,0.0
1752079056,c++,7322,0.0,0.003173828125,0.0,0.0
1752079056,cc1plus,7323,99.9,1.1666641235351562,0.02734375,0.0
1752079056,as,7324,10.0,0.1441650390625,0.0,0.0
1752079058,make,5981,0.0,0.0025634765625,0.0,0.00390625
1752079058,make,5984,0.0,0.0029296875,169.7890625,608.4375
1752079058,make,7319,0.0,0.00244140625,0.0,0.0
1752079058,c++,7322,0.0,0.003173828125,0.0,0.0
1752079058,cc1plus,7323,99.9,1.171112060546875,0.02734375,0.0
1752079058,as,7324,20.0,0.176513671875,0.0,0.0
1752079058,make,5984,0.0,0.0029296875,169.7890625,608.4375
1752079058,make,7319,0.0,0.00244140625,0.0,0.0
1752079058,c++,7322,0.0,0.003173828125,0.0,0.0
1752079058,cc1plus,7323,20.0,1.172088623046875,0.02734375,0.0
1752079058,as,7324,99.9,0.2659912109375,0.0,0.0
1752079058,make,7319,0.0,0.00244140625,0.0,0.0
1752079058,c++,7322,0.0,0.003173828125,0.0,0.0
1752079058,cc1plus,7323,30.0,1.172088623046875,0.02734375,0.0
1752079058,as,7324,99.9,0.3609619140625,0.0,0.0
